country_code,year,share_of_instudents,gdp,share_education_spending_gdp,mean_income,urban_rate,population_density,gdp_log,population_density_log,share_of_instudents_original,share_education_spending_gdp_original,mean_income_original,urban_rate_original
AUS,2016,17.48711,1342788338639,5.4303856,22740.1,0.8579999914844036,3.1630135,12.128007560989522,0.6194078192379663,17.48711,5.4303856,22740.1,0.8579999914844036
AUS,2018,18.2093925,1412931289385,5.409676,22989.55,0.8601199811338728,3.2656834,12.15012104269352,0.6299886188735138,26.50268,5.409676,22989.55,0.8601199811338728
AUT,2010,17.80005,504983520612,5.70048,22946.72,0.5739899686778255,101.37042,11.70327720579467,2.0101744850910985,17.80005,5.70048,22946.72,0.5739899686778255
AUT,2011,17.63254,519766751118,5.59227,22790.77,0.5711500119821589,101.711975,11.715808494735239,2.0116210801429486,17.63254,5.59227,22790.77,0.5711500119821589
AUT,2012,14.04076,523032165874,5.4804,22263.85,0.5714700051281194,102.176414,11.718528398298357,2.013580429458244,14.04076,5.4804,22263.85,0.5714700051281194
AUT,2013,16.75873,521720785391,5.54711,23297.1,0.5733599628199787,102.78007,11.717438139389099,2.0161139592920696,16.75873,5.54711,23297.1,0.5733599628199787
AUT,2014,15.47035,525663946270,5.44762,22909.87,0.5752600289526905,103.58473,11.720708191071097,2.0194682795518344,15.47035,5.44762,22909.87,0.5752600289526905
AUT,2015,15.89104,532516097228,5.45658,22826.48,0.5771500314890059,104.75081,11.7263327404339,2.0242837025452656,15.89104,5.45658,22826.48,0.5771500314890059
AUT,2016,16.34874,543790632789,5.47962,23883.75,0.5790500451659603,105.88851,11.735431722260948,2.0289310231527415,16.34874,5.47962,23883.75,0.5790500451659603
AUT,2017,17.18621,556146916098,5.37159,23569.23,0.5809400009047957,106.62603,11.745189533349617,2.0319173207560284,17.18621,5.37159,23569.23,0.5809400009047957
AUT,2018,17.49413,569962833838,5.22655,23801.41,0.5829700534617813,107.14556,11.755846537102514,2.0340086938436968,17.49413,5.22655,23801.41,0.5829700534617813
AUT,2019,17.64123,579965547379,5.21779,24250.79,0.5851499788286381,107.62088,11.763402195240236,2.0359133169393555,17.64123,5.21779,24250.79,0.5851499788286381
AUT,2020,17.9773,543321843521,5.57127,24141.81,0.5874799705367268,108.112,11.735057165608673,2.037872516373799,17.9773,5.57127,24141.81,0.5874799705367268
BEL,2010,8.11257,625243589629,6.44259,19846.34,0.9211059622446207,361.18295,11.796049247779447,2.5589280017615716,8.11257,6.44259,19846.34,0.9765100289236394
BEL,2011,8.18868,637318012338,6.43199,19386.05,0.9211059622446207,364.55176,11.804356192995616,2.562948879216874,8.18868,6.43199,19386.05,0.9769799852585516
BEL,2012,8.98324,638693368019,6.255765,20146.1,0.9211059622446207,366.8271,11.805292406611606,2.5656437231263354,8.98324,6.255765,20146.1,0.9774400347458686
BEL,2013,9.97936,640644540993,6.63053,19997.73,0.9211059622446207,368.56924,11.806617129824918,2.567695816838675,9.97936,6.63053,19997.73,0.9778900437989223
BEL,2014,11.19477,651955379070,6.59047,20023.5,0.9211059622446207,370.21503,11.814217872900048,2.569625551905438,11.19477,6.59047,20023.5,0.9783300236585468
BEL,2015,11.18446,661566273080,6.45157,20372.75,0.9211059622446207,372.36896,11.820573356598643,2.5721382100751566,11.18446,6.45157,20372.75,0.9787599931737926
BEL,2016,12.02156,669462084014,6.46173,20134.07,0.9211059622446207,374.26367,11.825725985127923,2.5743365215613685,12.02156,6.46173,20134.07,0.9791899904530958
BEL,2017,8.53861,679333085916,6.42534,20340.42,0.9211059622446207,375.71277,11.832082766778663,2.576010342386791,8.53861,6.42534,20340.42,0.979610041460523
BEL,2018,10.45448,692090747770,6.38107,21039.68,0.9211059622446207,377.43094,11.840163043405099,2.5779866365087107,10.45448,6.38107,21039.68,0.980009983325536
BEL,2019,10.04272,708997763898,6.33397,21679.46,0.9211059622446207,379.47894,11.850644865468176,2.58033062301221,10.04272,6.33397,21679.46,0.9804100102881196
BEL,2020,10.52473,675015615243,6.80186,21852.03,0.9211059622446207,381.11304,11.829313819550821,2.5821918586866075,10.52473,6.80186,21852.03,0.9807899638465797
BRA,2011,0.255282,3637727009587,5.73741,5638.45,0.8463099988143467,23.364616,12.56083010465655,1.386759571046875,0.20827,5.73741,5638.45,0.8463099988143467
BRA,2012,0.255282,3707614147323,5.8551,6045.52,0.849230001297618,23.555016,12.569094530648448,1.3901402214531429,0.21019,5.8551,6045.52,0.849230001297618
BRA,2014,0.255282,3838267555171,5.94848,6459.73,0.8549200011253211,23.938953,12.584135244939525,1.3968782167500908,0.23653,5.94848,6459.73,0.8549200011253211
BRA,2015,0.255282,3702171669286,6.24106,6113.08,0.8577000010095424,24.129236,12.568456553070444,1.4001792850100863,0.23964,6.24106,6113.08,0.8577000010095424
BRA,2016,0.255282,3580891601615,6.31404,5732.48,0.8604200017327196,24.313795,12.553991174535346,1.4033572587105634,0.24036,6.31404,5732.48,0.8604200017327196
BRA,2017,0.255282,3628262108472,6.32048,5978.47,0.8630899983143908,24.491507,12.55969865329206,1.4063955107316493,0.24116,6.32048,5978.47,0.8630899983143908
BRA,2018,0.255282,3692978213726,6.08851,5956.86,0.865690001091228,24.659466,12.567376745591393,1.4092476140160533,0.24229,6.08851,5956.86,0.865690001091228
BRA,2019,0.255282,3738061272790,5.96347,6057.29,0.8682400013392755,24.820768,12.572646415880943,1.4119691555602139,0.24504,5.96347,6057.29,0.8682400013392755
BRA,2020,0.255282,3615574021216,5.7715,6122.91,0.8707300002172904,24.964985,12.558177257220198,1.4143880760387542,0.24886,5.7715,6122.91,0.8707300002172904
CAN,2010,7.43157,1760270486764,5.35637,21975.8,0.8093700028894985,3.891008,12.245579407520738,0.689398373177654,7.43157,5.35637,21975.8,0.8093700028894985
CAN,2011,8.16061,1815493593719,5.26205,22099.67,0.8109600098383128,3.9318044,12.258994720769174,0.6930058437377254,8.16061,5.26205,22099.67,0.8109600098383128
CAN,2012,8.98,1847367512609,4.6925874,22329.81,0.8113699913246746,3.9735696,12.266553301948816,0.6966681998256377,8.98,4.6925874,22329.81,0.8113699913246746
CAN,2013,9.72349,1890333836978,4.58901,22764.74,0.8117800089575574,4.0157723,12.276538508276355,0.7003378126914571,9.72349,4.58901,22764.74,0.8117800089575574
CAN,2014,10.41181,1944651951661,4.84359,22866.23,0.8121800077925011,4.054555,12.28884188381159,0.7036829265835004,10.41181,4.84359,22866.23,0.8121800077925011
CAN,2015,10.97118,1957291625275,4.73938,23046.32,0.8125899991648111,4.091872,12.291655537876972,0.7068774777796564,10.97118,4.73938,23046.32,0.8125899991648111
CAN,2016,11.89155,1977619095748,4.81642,22827.02,0.8130000044584996,4.1363735,12.296142646945524,0.7106565966595505,11.89155,4.81642,22827.02,0.8130000044584996
CAN,2017,12.91719,2037616794116,4.95997,23673.96,0.8135000133396908,4.188162,12.309122511442348,0.7150135284389567,12.91719,4.95997,23673.96,0.8135000133396908
CAN,2018,13.838,2093507877645,4.88898,23752.72,0.8141100089500014,4.243517,12.320874599433962,0.7196226803682474,13.838,4.88898,23752.72,0.8141100089500014
CAN,2019,16.22091,2133461050343,4.77293,23764.18,0.8148199974507221,4.299035,12.329084718545186,0.7241967880285148,16.22091,4.77293,23764.18,0.8148199974507221
CAN,2020,18.20879,2025972302247,4.88795,25132.14,0.8156200072166666,4.343293,12.30663350367822,0.7278089894167256,18.20879,4.88795,25132.14,0.8156200072166666
CHL,2011,0.27687,440306288491,4.06173,5745.5,0.8713199817241031,23.337006,11.643754888134685,1.3862671491751775,0.27687,4.06173,5745.5,0.8713199817241031
CHL,2013,0.25562,482872890996,4.54814,6882.31,0.8724599855962055,23.78782,11.683832824325819,1.3942383338028561,0.25562,4.54814,6882.31,0.8724599855962055
CHL,2015,0.31184,502106533131,4.9039,7336.45,0.8735999889182094,24.272833,11.700795872210273,1.4026539276067072,0.31184,4.9039,7336.45,0.8735999889182094
CHL,2017,0.37999,517845238398,5.43279,7963.65,0.8749000208417884,24.960411,11.714199987251556,1.4143115638455546,0.37999,5.43279,7963.65,0.8749000208417884
CHN,2013,0.2828,17490873558596,4.129804,4673.43,0.5380474794531794,146.88722,13.242811500285097,2.169930645103777,0.2828,4.129804,4673.43,0.5301299998532907
CHN,2018,0.39673,24534506282427,4.024424,6541.26,0.591519999857424,151.14798,13.389777322925267,2.182266190800811,0.39673,4.024424,6541.26,0.591519999857424
CIV,2015,1.79823,129030580269,3.49413,3474.1730000000002,0.5380474794531794,79.39102,11.110692650366,1.9052075390188463,1.79823,3.49413,1939.87,0.49443998659290916
CZE,2010,8.00084,428369120729,4.0335,11784.09,0.7325499956560799,135.56763,11.631818156884576,2.135347772710722,8.00084,4.0335,11784.09,0.7325499956560799
CZE,2013,9.3903,432420755596,4.04676,11752.21,0.7329000048695715,136.1782,11.635906531314832,2.137285099913369,9.3903,4.04676,11752.21,0.7329000048695715
CZE,2016,11.51021,476030276387,5.55373,13059.48,0.7356999571847639,136.44746,11.67763457551479,2.138136718583441,11.51021,5.55373,13059.48,0.7356999571847639
DNK,2010,7.53775,334155612676,7.448553500000001,21632.05,0.8679499171095393,138.69666,11.523948760190157,2.1451860227146837,7.53775,8.55955,21632.05,0.8679499171095393
DNK,2013,10.12547,343231788015,7.448553500000001,21176.34,0.8729199213810603,140.38335,11.535587502721645,2.1503982678138773,10.12547,8.49443,21176.34,0.8729199213810603
DNK,2015,10.28315,354933619552,7.0104146,21253.69,0.8752599418349628,142.09245,11.55014713796363,2.1556167196448923,10.28315,7.0104146,21253.69,0.8752599418349628
DNK,2016,10.81055,365840891086,7.448553500000001,21541.56,0.8764200830654975,143.20496,11.563292246194885,2.1589801984110397,10.81055,7.69106,21541.56,0.8764200830654975
DNK,2017,10.75681,377022734671,7.11586,21893.68,0.8775699135122759,144.1292,11.57636753918431,2.1617548012939527,10.75681,7.11586,21893.68,0.8775699135122759
DNK,2018,10.70688,384035385770,7.29691,22428.77,0.8787400520156945,144.84563,11.584371242953598,2.1638934208055836,10.70688,7.29691,22428.77,0.8787400520156945
DNK,2019,10.49075,390607770987,7.25505,22770.49,0.8799399149218959,145.36548,11.591740879155717,2.1654386613311543,10.49075,7.25505,22770.49,0.8799399149218959
DNK,2020,10.23236,383654538666,7.38354,23632.64,0.8811600088074845,145.78825,11.583940340309132,2.1666912928798068,10.23236,7.38354,23632.64,0.8811600088074845
EST,2010,1.783,41191251788,5.51779,8659.1,0.68094031055784,31.14503,10.614804990227709,1.5071138354118163,1.783,5.51779,8659.1,0.68094031055784
EST,2013,2.89479,46759420782,4.84388,10208.02,0.6812200634751066,30.828562,10.669869122842563,1.5028170178364468,2.89479,4.84388,10208.02,0.6812200634751066
EST,2016,6.80341,50723009484,5.15764,12748.02,0.6856299257480297,30.780117,10.705205013090449,1.5021554917499274,6.80341,5.15764,12748.02,0.6856299257480297
FIN,2010,4.64398,292410409719,6.50445,20144.31,0.8377000055189366,17.645626,11.465992829310043,1.270576968752935,4.64398,6.50445,20144.31,0.8377000055189366
FIN,2013,7.0739,291952110137,7.12404,20226.1,0.8512500156279532,17.894718,11.46531161854253,1.2763404145405264,7.0739,7.12404,20226.1,0.8512500156279532
FIN,2016,7.80615,299419615744,6.85153,20579.24,0.8527500667388132,18.080313,11.476280248681565,1.2805854947421786,7.80615,6.85153,20579.24,0.8527500667388132
FRA,2010,11.5779,3278943802224,5.6427917,19810.18,0.7836899954081593,115.81875,12.515733973365698,2.067512554831198,11.5779,5.6427917,19810.18,0.7836899954081593
FRA,2011,11.87069,3358870568050,5.4801154,19878.43,0.7862199944506367,116.39661,12.526193268901427,2.069655556199924,11.87069,5.4801154,19878.43,0.7862199944506367
FRA,2012,11.81894,3365045356862,5.488356,19673.85,0.7887799959483782,116.989586,12.526990922379479,2.0718436772864486,11.81894,5.488356,19673.85,0.7887799959483782
FRA,2013,9.77869,3391351815847,5.4928937,19578.36,0.7913499926027985,117.59093,12.53037284544188,2.074051474849668,9.77869,5.4928937,19578.36,0.7913499926027985
FRA,2014,9.84239,3425191841309,5.4892044,19510.47,0.7939399928522813,118.14751,12.534684900876352,2.076084970689528,9.84239,5.4892044,19510.47,0.7939399928522813
FRA,2015,9.87597,3461730237456,5.4464273,19710.16,0.7965499990743561,118.556305,12.53929322155539,2.0775724842954126,9.87597,5.4464273,19710.16,0.7965499990743561
FRA,2016,9.89236,3491502193473,5.408058,19802.96,0.7991699970973009,118.86772,12.543012319214887,2.078702244705636,9.89236,5.408058,19802.96,0.7991699970973009
FRA,2017,10.20123,3564251651686,5.4516,19931.42,0.8017999934845651,119.22919,12.551968359528901,2.0800099212182555,10.20123,5.4516,19931.42,0.8017999934845651
FRA,2018,8.76849,3622915980757,5.40717,20010.16,0.8044399930742787,119.657936,12.559058262404319,2.081555891911287,8.76849,5.40717,20010.16,0.8044399930742787
FRA,2019,9.1747,3696368663151,5.35443,20274.19,0.8070900057509371,120.04131,12.567775279752615,2.0829336153017515,9.1747,5.35443,20274.19,0.8070900057509371
FRA,2020,9.1854,3421334958642,5.65981,20491.84,0.8097500026256965,120.3624,12.534195594959423,2.0840841562464596,9.1854,5.65981,20491.84,0.8097500026256965
GEO,2010,0.78716,42768329074,3.1643973,3474.1730000000002,0.5553499819763672,56.064655,10.631122283044215,1.7563671959637883,0.78716,2.803648,2278.49,0.5553499819763672
GEO,2011,1.54581,46161712229,3.1643973,3474.1730000000002,0.5591899353670137,55.673088,10.664281909295196,1.7533768770992784,1.54581,2.51492,2374.67,0.5591899353670137
GEO,2012,1.68049,49198613272,3.1643973,3474.1730000000002,0.5630300192497789,55.248352,10.6919528617842,1.7501098027337851,1.68049,1.86034,2636.59,0.5630300192497789
GEO,2013,3.03337,51723921667,3.4732218,3474.1730000000002,0.5668499715412996,54.815483,10.71369144533064,1.7467546872663609,3.03337,3.4732218,3051.93,0.5668499715412996
GEO,2015,3.74511,55643864277,3.164874,3474.1730000000002,0.5744801190569504,54.562828,10.74541728264885,1.7447843420608735,3.74511,3.164874,3360.99,0.5744801190569504
GEO,2016,4.93164,57563697329,3.52338,3480.13,0.5783699820657517,54.56988,10.76014868099854,1.7448394589521221,4.93164,3.52338,3480.13,0.5783699820657517
GEO,2017,5.53843,60533928053,3.52442,3474.1730000000002,0.5823099975214618,54.581394,10.781998856249022,1.744929434829187,5.53843,3.52442,3357.43,0.5823099975214618
GEO,2018,6.74764,64203516814,3.46095,3474.1730000000002,0.586319943733465,54.610462,10.807558817656345,1.7451565031189284,6.74764,3.46095,3274.92,0.586319943733465
GEO,2019,8.1117,67658127813,3.82986,3487,0.590390039570868,54.63694,10.83031997614043,1.7453632360277829,8.1117,3.82986,3487,0.590390039570868
GEO,2020,8.72306,63402112372,3.8498592,3474.1730000000002,0.5945299077340307,54.62196,10.802103727545061,1.7452462884149946,8.72306,3.8498592,3312.15,0.5945299077340307
DEU,2013,7.07259,4726965694896,4.93539,21108.13,0.7718000007563959,231.95163,12.674582450500292,2.3672657536231703,7.07259,4.93539,21108.13,0.7718000007563959
DEU,2014,7.22965,4829517165011,4.92102,21072.18,0.7719000030870867,232.90901,12.683903713970414,2.3690469508297523,7.22965,4.92102,21072.18,0.7719000030870867
DEU,2015,7.6821,4909335550077,4.85515,21897.75,0.7720000037705077,234.9167,12.691022716876192,2.37275868468017,7.6821,4.85515,21897.75,0.7720000037705077
DEU,2016,8.03708,5021990597107,4.83923,22351.04,0.7722399981959636,236.87025,12.700875895229167,2.3763401290117945,8.03708,4.83923,22351.04,0.7722399981959636
DEU,2017,8.37318,5158389093082,4.87183,22395.89,0.772609996186409,237.85458,12.712514097516088,2.378133573229408,8.37318,4.87183,22395.89,0.772609996186409
DEU,2018,9.96628,5215979572661,4.97933,23203.11,0.7731199978307907,238.6116,12.717335881899947,2.379507839151512,9.96628,4.97933,23203.11,0.7731199978307907
DEU,2019,10.10946,5267507887953,5.11552,23572.68,0.7737599966649402,239.15735,12.721605194625146,2.3804958827326117,10.10946,5.11552,23572.68,0.7737599966649402
DEU,2020,11.24126,5051796197610,5.59038,25170.1,0.7745299950020966,239.35634,12.703445821685692,2.3808555822196094,11.24126,5.59038,25170.1,0.7745299950020966
GRC,2010,4.18092,418370193341,4.140565,13434.03,0.762919957224583,86.30462,11.621560735782236,1.9410372263793028,4.18092,4.140565,13434.03,0.762919957224583
GRC,2013,4.18636,337783002014,4.495119,9522.52,0.7735500028225631,85.08561,11.528637791129517,1.934930561210961,4.18636,4.495119,9522.52,0.7735500028225631
GRC,2016,3.34523,339573726428,4.0156107,9809.98,0.7838699640153077,83.595856,11.530934080546237,1.9273490892752811,3.34523,4.0156107,9809.98,0.7838699640153077
HUN,2012,4.60136,283231439475,4.1425,6925.72,0.6967800166969713,108.663376,11.452141459586578,2.040061611560251,4.60136,4.1425,6925.72,0.6967800166969713
HUN,2015,7.05393,311681723654,4.4954,8790.97,0.7050000264146358,107.81514,11.49371133693038,2.036689325150885,7.05393,4.4954,8790.97,0.7050000264146358
ISL,2010,4.92493,17443794306,6.94424,18061.28,0.9211059622446207,3.1554399,10.241640956936177,0.6186170055040148,4.92493,6.94424,18061.28,0.9357409893692952
IND,2011,0.255282,6620862520105,3.79618,3474.1730000000002,0.5380474794531794,424.19925,12.82091457000196,2.628592489809047,0.1033,3.79618,1894.46,0.31276000030681284
IRL,2010,6.95277,268988028812,6.05033,15957.27,0.6154200898872955,66.17917,11.42973295235875,1.8272346338217107,6.95277,6.05033,15957.27,0.6154200898872955
IRL,2011,10.70594,273423033225,5.82429,15388.8,0.6174198988490167,66.47705,11.436835096850693,1.8291560875992654,10.70594,5.82429,15388.8,0.6174198988490167
IRL,2012,5.76183,272332184788,5.76235,15485.65,0.6194200585146361,66.77511,11.4350989702062,1.8310702311194245,5.76183,5.76235,15485.65,0.6194200585146361
IRL,2013,6.44894,278302184886,5.34579,15720.25,0.6214101080146788,67.13147,11.444516615894385,1.833347759348926,6.44894,5.34579,15720.25,0.6214101080146788
IRL,2014,6.99714,304284570734,4.86512,16314.98,0.6233999750952178,67.61848,11.483279931278524,1.8364410935667905,6.99714,4.86512,16314.98,0.6233999750952178
IRL,2015,7.36843,379185952171,3.74869,16951.46,0.62538002793305,68.260956,11.57885223951204,1.8404884817652658,7.36843,3.74869,16951.46,0.62538002793305
IRL,2016,8.18777,383822026026,3.74674,17999.36,0.6273701011600655,69.00138,11.584129893556065,1.8451066017353634,8.18777,3.74674,17999.36,0.6273701011600655
IRL,2017,8.88011,422394713895,3.49045,19075.67,0.6294700989393824,69.8252,11.625718474534839,1.8501878095782671,8.88011,3.49045,19075.67,0.6294700989393824
IRL,2018,9.63793,454261615310,3.37838,19708.5,0.6317000991922448,70.72952,11.657306040880412,1.8556979246309369,9.63793,3.37838,19708.5,0.6317000991922448
IRL,2019,10.71472,477158900469,3.29617,20357.72,0.6340499438628063,71.61404,11.67866302915635,1.8610206001079377,10.71472,3.29617,20357.72,0.6340499438628063
IRL,2020,10.19912,511313451826,3.25082,21420.34,0.6365299589880976,72.32696,11.708687218459746,1.8652636803236853,10.19912,3.25082,21420.34,0.6365299589880976
ISR,2010,0.80249,285306185438,5.43391,11688.03,0.918260008394984,339.03592,11.45531118726488,2.5315247965534566,0.80249,5.43391,11688.03,0.918260008394984
ISR,2011,1.07913,301177262915,5.45581,11666.49,0.918920008241263,345.24127,11.478822182127459,2.539378832069259,1.07913,5.45581,11666.49,0.918920008241263
ISR,2012,1.18835,308829588646,5.58893,12297.66,0.9196000252828519,351.5612,11.489718902967189,2.547234515697039,1.18835,5.58893,12297.66,0.9196000252828519
ISR,2013,2.75871,321894932216,5.78415,12796.68,0.9203099447856566,358.10394,11.507714139383602,2.5552201701243233,2.75871,5.78415,12796.68,0.9203099447856566
ISR,2014,2.77781,334401594040,5.70471,13029.61,0.9210399600764391,364.93405,11.524268338986955,2.5634028222745053,2.77781,5.70471,13029.61,0.9210399600764391
ISR,2020,3.43936,396288076349,6.47882,14150.95,0.9211059622446207,406.67184,11.598011005331156,2.610310713524793,3.43936,6.47882,14150.95,0.9258700393918677
ITA,2010,3.52984,2987062154440,4.33412,14741.55,0.6832700048316883,203.452,12.475244259447086,2.310591363287104,3.52984,4.33412,14741.55,0.6832700048316883
ITA,2012,4.03608,2913834010596,4.05602,13384.84,0.6868399962331027,204.69409,12.464464808128882,2.313221813730404,4.03608,4.05602,13384.84,0.6868399962331027
ITA,2014,4.72098,2860820079618,4.06128,13279.5,0.6927199989998214,205.14265,12.456490545367057,2.3141678546777715,4.72098,4.06128,13279.5,0.6927199989998214
ITA,2016,5.10229,2921836724675,3.81579,13980.1,0.6985500044880625,204.51344,12.465655943441721,2.3128402287764365,5.10229,3.81579,13980.1,0.6985500044880625
ITA,2020,2.88108,2739494789919,4.44136,14517.55,0.710389993911558,202.60168,12.437670478813018,2.308781357219335,2.88108,4.44136,14517.55,0.710389993911558
JPN,2013,3.51571,5445157747028,3.40875,15536.63,0.9122600023539567,350.4078,12.736010465849713,2.5458113970550174,3.51571,3.40875,15536.63,0.9122600023539567
JPN,2014,3.43525,5461286604529,3.4153,15842.45,0.9130399996857224,349.75748,12.737294968606545,2.5450069412487557,3.43525,3.4153,15842.45,0.9130399996857224
JPN,2015,3.43216,5546516901265,3.31221,16032.37,0.9138099983482905,349.17932,12.744020340702853,2.544290495045328,3.43216,3.31221,16032.37,0.9138099983482905
JPN,2016,3.72913,5588328029133,3.1643973,15883.7,0.9145699974818219,348.86133,12.747281890831829,2.543895942780973,3.72913,3.14643,15883.7,0.9145699974818219
JPN,2017,4.26516,5681951062992,3.1643973,16122.93,0.9153499984248495,348.59995,12.754497488949813,2.5435713618493057,4.26516,3.13058,16122.93,0.9153499984248495
JPN,2018,4.73214,5718508226089,3.1643973,15685.69,0.9161600018925803,348.185,12.757282750178675,2.543055579371599,4.73214,3.07782,15685.69,0.9161600018925803
JPN,2019,5.23799,5695510147252,3.1643973,15817.83,0.9169799973150758,347.59787,12.755532629945291,2.5423247291593083,5.23799,3.15534,15817.83,0.9169799973150758
JPN,2020,5.7313,5459310569514,3.30629,16338.74,0.917819999841598,346.5145,12.737137801173528,2.540972930188318,5.7313,3.30629,16338.74,0.917819999841598
LTU,2010,1.47636,84325804162,5.29786,7130.3,0.6675701469869388,49.476425,10.92596049147865,1.703088588356657,1.47636,5.29786,7130.3,0.6675701469869388
LTU,2011,1.60541,89658262251,5.11343,7772.99,0.6674099233351442,48.373135,10.952590317156574,1.693490704087558,1.60541,5.11343,7772.99,0.6674099233351442
LTU,2012,1.79247,93587899244,4.75803,8323.02,0.6686401543892391,47.72934,10.971219698835768,1.687790529249155,1.79247,4.75803,8323.02,0.6686401543892391
LTU,2013,2.45155,97375321369,4.60233,8753.36,0.6698601509489335,47.250584,10.988448903994996,1.6835025741863925,2.45155,4.60233,8753.36,0.6698601509489335
LTU,2015,3.53768,103911365964,4.22719,10459.49,0.6723000024097132,46.410667,11.016663053870058,1.675876065261622,3.53768,4.22719,10459.49,0.6723000024097132
LTU,2016,4.11113,106687794740,4.00431,11211.03,0.6736598272593805,45.825077,11.02811473826397,1.6704785002095304,4.11113,4.00431,11211.03,0.6736598272593805
LTU,2017,4.61295,111608495241,3.8122,11902.01,0.675160152213104,45.189556,11.047697252812188,1.6645437875837032,4.61295,3.8122,11902.01,0.675160152213104
LTU,2018,5.32603,117097813759,3.8929,12737.59,0.6767898975671621,44.760963,11.068548786781744,1.6604951552339504,5.32603,3.8929,12737.59,0.6767898975671621
LTU,2019,5.99188,122574890175,3.9641,14016.43,0.6785501212002132,44.64234,11.088401512801523,1.6593679018074519,5.99188,3.9641,14016.43,0.6785501212002132
LTU,2020,6.16129,122627369410,4.50859,15957.89,0.6804598400291962,44.653667,11.088587411924651,1.6594756667313166,6.16129,4.50859,15957.89,0.6804598400291962
LUX,2010,18.2093925,67474452435,5.021032,28499.140000000003,0.8854706452077411,197.09685,10.829139368886374,2.296877569740997,41.40625,5.021032,29133.17,0.8854706452077411
LUX,2012,18.2093925,69303975405,3.87816,28499.140000000003,0.892490008400101,206.23819,10.840758147272277,2.316469790542101,40.55875,3.87816,29054.68,0.892490008400101
LUX,2015,18.2093925,75043231267,3.76792,28126.85,0.9017896643984241,221.22734,10.875311525952682,2.3467974879114055,45.86717,3.76792,28126.85,0.9017896643984241
LUX,2016,18.2093925,78779026229,4.466116,28499.140000000003,0.9046002329840863,226.65373,10.896410608288923,2.3572747704146746,46.99454,4.466116,30366.74,0.9046002329840863
LUX,2017,18.2093925,79816693844,3.48646,28499.140000000003,0.9072703978964879,231.701,10.902093734540337,2.366798249610532,46.72712,3.48646,30259.95,0.9072703978964879
LUX,2018,18.2093925,80789916287,3.66211,28499.140000000003,0.9098100172711572,236.20796,10.907357158128963,2.3751292585795447,47.73534,3.66211,32251.99,0.9098100172711572
LUX,2019,18.2093925,83145627376,3.73607,28499.140000000003,0.9122307867245375,240.89166,10.919839414638234,2.383620894908309,48.64827,3.73607,32072.96,0.9122307867245375
LUX,2020,18.2093925,82389143682,3.8535,28499.140000000003,0.9145298602992613,244.94339,10.915869989012801,2.3908351549087614,48.38796,3.8535,34873.2,0.9145298602992613
MLI,2011,1.27296,36608704575,3.75423,3474.1730000000002,0.5380474794531794,13.49712,10.56358436134674,1.161281733797834,1.27296,3.75423,720.24,0.3679899792635264
MLI,2013,0.96661,37135551435,3.28465,3474.1730000000002,0.5380474794531794,14.308936,10.56978987725751,1.1849450074594359,0.96661,3.28465,860.24,0.38398000184998354
MLI,2014,0.87495,39766487861,3.64819,3474.1730000000002,0.5380474794531794,14.768411,10.599517236208316,1.1977879312045316,0.87495,3.64819,903.11,0.39196000813972404
MLI,2015,0.85628,42220795969,3.80152,3474.1730000000002,0.5380474794531794,15.237809,10.625526416610676,1.2105274286364678,0.85628,3.80152,1045.73,0.3999099769795357
MEX,2016,0.29813,2669593219099,4.75796,4611.18,0.795770003392437,62.88811,12.426445090518481,1.8054200406018257,0.29813,4.75796,4611.18,0.795770003392437
MEX,2018,0.255282,2773192728060,4.13945,4687.37,0.801560001692492,64.08278,12.4429800527098,1.813466095476771,0.15834,4.13945,4687.37,0.801560001692492
MEX,2020,0.88129,2531538944018,4.5006,4404.99,0.8073099977543996,65.22752,12.403384612758792,1.8210384924697955,0.88129,4.5006,4404.99,0.8073099977543996
NLD,2010,4.29679,1033330903023,5.48909,20467.94,0.8713399754468657,498.10608,12.014239417690893,2.698192860377777,4.29679,5.48909,20467.94,0.8713399754468657
NLD,2011,4.91876,1051655427060,5.46304,20305.5,0.8787900299249857,500.47702,12.021873467347206,2.7002510364275087,4.91876,5.46304,20305.5,0.8787900299249857
NLD,2012,7.24551,1041371530430,5.41022,19995.97,0.8858800157231034,502.38168,12.017605700528337,2.7018974058494387,7.24551,5.41022,19995.97,0.8858800157231034
NLD,2015,10.22892,1080277597346,5.34816,21065.58,0.9017300137668867,508.0911,12.033535369843182,2.7067955047083756,10.22892,5.34816,21065.58,0.9017300137668867
NLD,2016,10.74382,1106466613365,5.4796,21718.05,0.9063499944863025,510.97992,12.043938314015948,2.7092529281551134,10.74382,5.4796,21718.05,0.9063499944863025
NLD,2017,10.99874,1137243492284,5.1751,21850.97,0.9107699732699732,514.26715,12.05585346032037,2.7120324556213857,10.99874,5.1751,21850.97,0.9107699732699732
NLD,2018,11.69357,1162930870448,5.35765,21883.62,0.9149000117458459,517.41266,12.065553899186872,2.714675598767255,11.69357,5.35765,21883.62,0.9149000117458459
NLD,2020,13.32123,1143663103033,5.42381,23240.41,0.9211059622446207,523.81146,12.058298110085202,2.720003309904994,13.32123,5.42381,23240.41,0.9223600034400711
NOR,2010,7.00337,408092698957,6.71042,23661.41,0.791019976061778,13.4218025,11.610758825033951,1.1590195438010051,7.00337,6.71042,23661.41,0.791019976061778
NOR,2013,3.61528,428126043025,7.43906,25871.83,0.8028599760257799,13.946043,11.631571646891706,1.1745262273939798,3.61528,7.43906,25871.83,0.8028599760257799
NOR,2016,3.92144,450192377571,7.448553500000001,25984.72,0.8148500368419715,14.37389,11.653398137473822,1.1867837693725152,3.92144,7.98445,25984.72,0.8148500368419715
NOR,2019,4.27566,470334337354,7.448553500000001,26866.24,0.8261600449971354,14.68069,11.672406686123143,1.1953651691009293,4.27566,7.86456,26866.24,0.8261600449971354
NOR,2020,4.38269,464322656561,7.448553500000001,27093.35,0.829740076866237,14.767272,11.666819875524434,1.1977565596680342,4.38269,8.37282,27093.35,0.829740076866237
PSE,2017,0.255282,28630119462,4.72154,4830.79,0.758940065839021,787.1779,10.45682316017715,2.8966242533631186,0,4.72154,4830.79,0.758940065839021
POL,2010,0.85429,1049382087931,5.10706,8439.36,0.6089199967804678,124.45396,12.02093364688473,2.0984843745307002,0.85429,5.10706,8439.36,0.6089199967804678
POL,2011,0.99556,1104531970738,4.86102,8382.91,0.6077999897801699,124.82406,12.043178291067193,2.099763694576128,0.99556,4.86102,8382.91,0.6077999897801699
POL,2012,1.17202,1121230082682,4.8616,8367.59,0.6065399870594047,124.9522,12.049694741396456,2.1002057576976947,1.17202,4.8616,8367.59,0.6065399870594047
POL,2013,1.45933,1128901994206,5.02124,8457.59,0.6052899937739543,124.98943,12.052656240222033,2.1003341111078,1.45933,5.02124,8457.59,0.6052899937739543
POL,2014,1.96659,1173160694244,4.96657,8768.05,0.6040299923168464,125.00854,12.06935750388364,2.1003999796349557,1.96659,4.96657,8768.05,0.6040299923168464
POL,2015,2.64144,1225152442780,4.81701,9105.27,0.6027799888023118,125.01246,12.088190130283861,2.100413489892983,2.64144,4.81701,9105.27,0.6027799888023118
POL,2016,3.42043,1262288990122,4.65911,9771.55,0.6017800011888306,125.00248,12.101158794248684,2.1003790930518145,3.42043,4.65911,9771.55,0.6017800011888306
POL,2017,4.12365,1327327896809,4.57465,10373.93,0.6010499955944498,124.97538,12.122978222174451,2.100285677062767,4.12365,4.57465,10373.93,0.6010499955944498
POL,2018,3.64084,1410230918709,4.60506,10830.39,0.600579990651683,124.92999,12.149290232166255,2.100129168872831,3.64084,4.60506,10830.39,0.600579990651683
POL,2019,3.85686,1474825956077,4.67881,11390.77,0.6003699940538081,124.88038,12.16874077233132,2.099958045264809,3.85686,4.67881,11390.77,0.6003699940538081
POL,2020,4.46692,1444804858707,4.85265,11585.57,0.6004300105517101,124.701096,12.159809193452906,2.099339064358011,4.46692,4.85265,11585.57,0.6004300105517101
ROU,2010,1.34654,508705554059,3.41717,4844.72,0.5382899905866936,88.8064,11.706466479295287,1.9533072875096502,1.34654,3.41717,4844.72,0.5382899905866936
ROU,2011,1.8438,531574865496,3.1643973,4396.55,0.5395999945998338,88.151985,11.725564437970432,1.9501310173369406,1.8438,2.91376,4396.55,0.5395999945998338
ROU,2012,2.44126,541694014833,3.1643973,4592.42,0.5397400094276433,87.61497,11.733754037102937,1.9475070947901363,2.44126,2.82322,4592.42,0.5397400094276433
ROU,2013,3.48795,543204105408,3.1643973,4569.3,0.5393699753093685,87.19973,11.734963043580503,1.945467255656881,3.48795,3.068,4569.3,0.5393699753093685
ROU,2014,4.07098,565562392323,3.1643973,4550.47,0.5390000160229211,86.78799,11.752480522873027,1.9434351055018284,4.07098,3.12508,4550.47,0.5390000160229211
ROU,2015,4.25974,583417400958,3.1643973,5038.22,0.5388700003068287,86.36569,11.765979378210076,1.941340911248134,4.25974,3.10695,5038.22,0.5388700003068287
ROU,2016,4.82495,600102744953,3.1643973,5489.1,0.5390000044157355,85.95727,11.778225613294422,1.9393058967343262,4.82495,3.0256,5489.1,0.5390000044157355
ROU,2017,5.17508,649284034992,3.1643973,6927.72,0.5393599835415442,85.57635,11.812434724296311,1.9373992723032707,5.17508,3.1182,6927.72,0.5393599835415442
ROU,2018,5.40241,689026256322,3.31918,7697.69,0.5399799835369984,85.17852,11.838235771630307,1.935399031393653,5.40241,3.31918,7697.69,0.5399799835369984
ROU,2019,5.6757,716058574350,3.56695,8298.78,0.5408399946148102,84.759834,11.85494854951029,1.9332839317125734,5.6757,3.56695,8298.78,0.5408399946148102
ROU,2020,5.99302,689747829734,3.58926,9090.46,0.5419400215413763,84.28577,11.8386903426625,1.9308765748249825,5.99302,3.58926,9090.46,0.5419400215413763
RUS,2011,1.91746,4976323248445,3.7126126,11878.6,0.7373200032345535,8.795561,12.696908583189348,0.9910293134525013,1.91746,3.7126126,11878.6,0.7373200032345535
RUS,2014,3.04967,5306227998547,4.01388,13431.46,0.7394999971678601,8.84941,12.724785906857003,0.9934102161403899,3.04967,4.01388,13431.46,0.7394999971678601
RUS,2015,3.43472,5201551018654,3.83403,12410.74,0.7404999986310908,8.872734,12.716132862558847,0.9944374360226023,3.43472,3.83403,12410.74,0.7404999986310908
RUS,2016,3.94274,5211625906529,3.76044,11962.56,0.7416400016936125,8.901498,12.716973234254558,0.99570090408429,3.94274,3.76044,11962.56,0.7416400016936125
RUS,2017,4.25808,5306779254504,4.68991,11618.87,0.742920001932643,8.926419,12.724831022706779,0.9967926030744162,4.25808,4.68991,11618.87,0.742920001932643
RUS,2018,4.54407,5455753571577,4.6782,11939.69,0.7443299983563747,8.9412775,12.736854745643868,0.9974421968270121,4.54407,4.6782,11939.69,0.7443299983563747
RUS,2019,4.96532,5575675165814,3.6956143,12135.83,0.7458699989125719,8.947562,12.74629746419264,0.9977166546466708,4.96532,3.6956143,12135.83,0.7458699989125719
RUS,2020,11.27199,5427716010814,4.0164185,12135.3,0.7475400004411852,8.937684,12.734617116408025,0.9972851828665275,11.27199,4.0164185,12135.3,0.7475400004411852
SRB,2010,4.18173,131547035079,3.9009323,5100.1,0.5499299452124382,87.95186,11.119081064030189,1.9491550336935894,4.18173,3.9009323,5100.1,0.5499299452124382
SRB,2011,3.60651,131618428915,4.23836,5025.98,0.5521500047191198,87.58303,11.119316702470783,1.9473505313311557,3.60651,4.23836,5025.98,0.5521500047191198
SRB,2012,3.8552,131034100964,3.8476844,4758.19,0.5535600445296305,87.104576,11.117384333317322,1.9449984655055668,3.8552,3.8476844,4758.19,0.5535600445296305
SRB,2016,4.25622,134820990036,3.6347,5453.36,0.5581000696766172,84.74352,11.129757511988556,1.9332013084864512,4.25622,3.6347,5453.36,0.5581000696766172
SRB,2017,4.43481,138007340937,3.71016,5576.19,0.5594199455394199,84.1183,11.139902188169874,1.9300229412198648,4.43481,3.71016,5576.19,0.5594199455394199
SRB,2018,4.43491,144423785733,3.58232,5672.61,0.5609199662475489,83.48217,11.159638724828715,1.9267650605747062,4.43491,3.58232,5672.61,0.5609199662475489
SRB,2019,4.60622,151284215869,3.61647,5854.27,0.5625999696194586,82.841644,11.17979361858398,1.9234597855405127,4.60622,3.61647,5854.27,0.5625999696194586
SVK,2010,3.38811,160713273217,4.0448,8314.61,0.5468499254742899,112.14345,11.206051746379307,2.0536294172284917,3.38811,4.0448,8314.61,0.5468499254742899
SVK,2013,4.85962,168595406627,4.06895,8175.24,0.5414000055048654,112.52958,11.22684573812213,2.0551090311949394,4.85962,4.06895,8175.24,0.5414000055048654
SVK,2014,5.61374,173160886992,4.2159,8025.3,0.539999915107991,112.62972,11.238449801761002,2.055491936514995,5.61374,4.2159,8025.3,0.539999915107991
SVK,2015,5.89837,182125217470,4.57843,8172.69,0.538889977711203,112.73459,11.260370083358136,2.055892566372398,5.89837,4.57843,8172.69,0.538889977711203
SVK,2016,6.02104,185672687107,3.90079,8342.61,0.5380599683508759,112.87982,11.26874802269137,2.056446772023666,6.02104,3.90079,8342.61,0.5380599683508759
SVK,2017,6.89788,191010279733,3.93221,8559.37,0.5380474794531794,113.055405,11.281056740606978,2.0571158709897297,6.89788,3.93221,8559.37,0.5375100749517578
SVK,2018,8.02855,198769347214,3.95291,8775.77,0.5380474794531794,113.21194,11.298349411440599,2.057711508507493,8.02855,3.95291,8775.77,0.5372599655832786
SVN,2010,1.6836,78592625092,5.54546,13262,0.5380474794531794,101.53811,10.895381795000164,2.010885308187904,1.6836,5.54546,13262,0.5265800799869959
SVN,2012,2.26628,76801335462,5.62023,13617.08,0.5380474794531794,101.97061,10.88536877184361,2.012713285518802,2.26628,5.62023,13617.08,0.5310799991638955
SVN,2015,2.74949,80146391825,4.90953,13683.23,0.5380474794531794,102.29967,10.90388397528242,2.014098934129418,2.74949,4.90953,13683.23,0.5378101903969458
ZAF,2012,4.19401,784235285032,5.52323,5945.45,0.6327200038629618,44.335186,11.894446378579316,1.6564354018814993,4.19401,5.52323,5945.45,0.6327200038629618
ZAF,2015,4.12091,825864883586,5.48285,6643.64,0.6482800076447983,46.759544,11.916908999968635,1.6790601715712883,4.12091,5.48285,6643.64,0.6482800076447983
ZAF,2017,4.06212,840979816625,5.59867,7275.59,0.6584999969289581,47.511032,11.924785572928544,1.6858405136930186,4.06212,5.59867,7275.59,0.6584999969289581
KOR,2010,1.81049,1869621054468,3.527567,13349.2,0.8193599957961107,499.68576,12.271753590156646,2.6995652398084036,1.81049,3.527567,13349.2,0.8193599957961107
KOR,2016,1.93138,2236912296310,4.3331,17712.52,0.8156199905724187,525.5926,12.349648956839205,2.7214747518423112,1.93138,4.3331,17712.52,0.8156199905724187
KOR,2017,2.25724,2307590576700,4.32824,18305.09,0.8150299937243378,527.52325,12.363158756800617,2.7230640968934114,2.25724,4.32824,18305.09,0.8150299937243378
KOR,2018,2.7482,2374681552210,4.45808,18809.27,0.8145899923190937,529.10754,12.375605378428157,2.7243639814705416,2.7482,4.45808,18809.27,0.8145899923190937
KOR,2019,3.2563,2427968880490,4.68466,19521.63,0.8143000086042989,530.4082,12.385243116045045,2.725428251593407,3.2563,4.68466,19521.63,0.8143000086042989
KOR,2020,3.72612,2410744496330,4.80172,20261.57,0.8141400073411962,531.3369,12.382151183951233,2.7261865712092956,3.72612,4.80172,20261.57,0.8141400073411962
ESP,2010,2.98131,1980239443377,4.85608,16799.46,0.7844200097743738,93.730950000000007,12.296717706751712,1.9764918926064572,2.98131,4.85608,16799.46,0.7844200097743738
ESP,2011,3.21131,1967567481442,4.74083,16200.92,0.7867299997687339,94.04626,12.29392963623606,1.9779350323711764,3.21131,4.74083,16200.92,0.7867299997687339
ESP,2012,2.83641,1911194436507,4.48113,15475.84,0.7890200030765576,94.086845,12.28130487251129,1.9781204376620198,2.83641,4.48113,15475.84,0.7890200030765576
ESP,2013,2.86182,1883915534186,4.34962,15057.61,0.7913299954987173,93.77082,12.27506142719421,1.9766746383533593,2.86182,4.34962,15057.61,0.7913299954987173
ESP,2016,2.53146,2048244939445,4.22544,16093.44,0.7983999978315148,93.51543,12.311381890530875,1.9755027145074733,2.53146,4.22544,16093.44,0.7983999978315148
ESP,2017,3.2299,2107562974810,4.20552,16289.79,0.8007999916554411,93.78723,12.323780560380673,1.9767498319150767,3.2299,4.20552,16289.79,0.8007999916554411
ESP,2018,3.45604,2158047774432,4.17949,16401.55,0.8032100002064202,94.235916,12.334061054778294,1.97880076329003,3.45604,4.17949,16401.55,0.8032100002064202
ESP,2019,3.69783,2200370944084,4.23022,17174.01,0.8056499908973909,94.92088,12.342495901453667,1.9819131544255606,3.69783,4.23022,17174.01,0.8056499908973909
ESP,2020,3.83479,1959648808037,4.8954,17353.25,0.8081000041063509,95.409874,12.292178247684477,1.9841215152733032,3.83479,4.8954,17353.25,0.8081000041063509
SWE,2010,6.93017,524009521900,6.52269,18519.55,0.8505600159349533,23.0263,11.71933917872321,1.3806868955102876,6.93017,6.52269,18519.55,0.8505600159349533
SWE,2011,7.8791,540588714087,6.36692,18994.69,0.8529699774997135,23.200695,11.732866974658178,1.3838278383081506,7.8791,6.36692,18994.69,0.8529699774997135
SWE,2012,6.31529,538348159176,7.448553500000001,19293.91,0.8561999980250802,23.373098,11.731063232368697,1.3869107347158438,6.31529,7.53697,19293.91,0.8561999980250802
SWE,2013,5.82612,544473034999,7.448553500000001,19716.38,0.8593600315154225,23.572327,11.735976376211743,1.3904462861262268,5.82612,7.61121,19716.38,0.8593600315154225
SWE,2014,5.90554,556972849885,7.448553500000001,20183.2,0.8624700008560134,23.807583,11.745834025636793,1.3945844530712146,5.90554,7.57373,20183.2,0.8624700008560134
SWE,2015,6.22368,581536136091,7.4439,20976.64,0.8655299532022354,24.060589,11.764576706541247,1.3989912740182184,6.22368,7.4439,20976.64,0.8655299532022354
SWE,2016,6.57668,595200727972,7.448553500000001,21229.68,0.8685200217472692,24.364552,11.774663453711316,1.404227196018843,6.57668,7.61862,21229.68,0.8685200217472692
SWE,2017,6.74252,606064069860,7.448553500000001,21298.05,0.8714599503783073,24.694992,11.782518537889507,1.4098484868059205,6.74252,7.56883,21298.05,0.8714599503783073
SWE,2018,7.17108,617597254493,7.448553500000001,21485.08,0.8743099653727184,24.98358,11.79070535669174,1.4146989876581955,7.17108,7.64084,21485.08,0.8743099653727184
SWE,2019,7.15165,633343809629,7.448553500000001,21672.52,0.8770799795736639,25.238245,11.801639530065067,1.4189347829785692,7.15165,7.63851,21672.52,0.8770799795736639
SWE,2020,7.04267,620643128688,7.448553500000001,21944.21,0.8797700320337912,25.421307,11.792841951558868,1.4219542973378623,7.04267,7.92561,21944.21,0.8797700320337912
CHE,2010,15.36163,586565430195,4.8021,27264.4,0.736070029696192,198.07199,11.768316463831159,2.299010157846625,15.36163,4.8021,27264.4,0.736070029696192
CHE,2011,16.22183,597200496062,4.85664,27692.17,0.7363100288938954,200.31517,11.77612015979869,2.3038765021566987,16.22183,4.85664,27692.17,0.7363100288938954
CHE,2012,16.49572,604243005804,4.89862,28365.92,0.7365299959571637,202.45512,11.781211632091068,2.3084686234582574,16.49572,4.89862,28365.92,0.7365299959571637
CHE,2013,16.84654,615071910923,4.91393,28280.58,0.7367400281802756,204.79051,11.788925894135998,2.3134253434601266,16.84654,4.91393,28280.58,0.7367400281802756
CHE,2014,17.10329,629525370586,4.93057,28499.140000000003,0.7369600284491373,207.29727,11.79901323735716,2.3186835780048503,17.10329,4.93057,28673.56,0.7369600284491373
CHE,2015,17.18152,639878719127,4.99559,28489.96,0.7371800382401421,209.66888,11.806097666788931,2.3236003863795127,17.18152,4.99559,28489.96,0.7371800382401421
CHE,2016,17.58807,653115824072,4.98164,28499.140000000003,0.7373900348940888,211.97116,11.814990206229492,2.328320796392377,17.58807,4.98164,28880.88,0.7373900348940888
CHE,2017,17.75276,662016483630,5.01765,28499.140000000003,0.7376100352112676,213.96375,11.820868803126801,2.332365229672329,17.75276,5.01765,28924.01,0.7376100352112676
CHE,2018,17.69527,680953106295,4.93009,28085.76,0.7379699562936786,215.55098,11.833117205337006,2.3355601534670583,17.69527,4.93009,28085.76,0.7379699562936786
CHE,2019,17.7987,688729470411,5.01439,28499.140000000003,0.7384900551352259,217.09964,11.838048666640727,2.338654948723393,17.7987,5.01439,28970.3,0.7384900551352259
GBR,2010,15.72921,3060882666519,5.69868,18825.73,0.8130199988481092,260.4327,12.485846682011719,2.41735990819236,15.72921,5.69868,18825.73,0.8130199988481092
GBR,2011,16.84985,3095726602294,5.57219,18405.74,0.8156999949888403,262.511,12.490762599182201,2.420798749110573,16.84985,5.57219,18405.74,0.8156999949888403
GBR,2012,17.13637,3142441066399,5.578874,18343.67,0.8183700007919911,264.376,12.49726714163969,2.423861643702227,17.13637,5.578874,18343.67,0.8183700007919911
GBR,2013,17.46263,3199002538578,5.5253,18449.75,0.8210200047021382,266.14883,12.50501458472006,2.426753276495131,17.46263,5.5253,18449.75,0.8210200047021382
GBR,2014,18.2093925,3301199067313,5.60135,18990.34,0.8236500039054339,268.11853,12.518671713736339,2.4299436018874676,18.22084,5.60135,18990.34,0.8236500039054339
GBR,2015,18.2093925,3374581040061,5.55452,19276.71,0.826259998296277,270.25217,12.52821986212006,2.433373221198544,18.48803,5.55452,19276.71,0.826259998296277
GBR,2016,18.09595,3439430703986,5.42796,19382.99,0.8288600003965763,272.3654,12.536486563915224,2.4367435448331376,18.09595,5.42796,19382.99,0.8288600003965763
GBR,2017,17.91753,3530799348932,5.45257,19277.3,0.8314299979053529,274.27136,12.54787303783293,2.4397610285346616,17.91753,5.45257,19277.3,0.8314299979053529
GBR,2018,18.2093925,3580413797699,5.20437,19675.33,0.8339800046776766,275.91647,12.553933222083137,2.44234878679433,18.32441,5.20437,19675.33,0.8339800046776766
GBR,2019,18.2093925,3638576730449,5.26116,19935.94,0.8365199960793777,277.39825,12.56093153777325,2.4446665009897743,18.67706,5.26116,19935.94,0.8365199960793777
GBR,2020,18.2093925,3263915436355,5.43935,19648.36,0.8390300035327317,278.394,12.513738898243677,2.4462170753827777,20.14796,5.43935,19648.36,0.8390300035327317
USA,2013,3.92751,19623956113038,6.229258,25163.34,0.8129899990143326,34.994648,13.292786563944441,1.5562379308544951,3.92751,6.229258,25163.34,0.8129899990143326
USA,2014,4.27601,20119229405792,6.1292057,25322.52,0.8148299985581353,35.323116,13.303611342625397,1.5601830976562825,4.27601,6.1292057,25322.52,0.8148299985581353
USA,2015,4.64501,20711851459007,4.93063,26291.57,0.8167100006555486,35.652294,13.31621892277036,1.56410116152458,4.64501,4.93063,26291.57,0.8167100006555486
USA,2016,5.03627,21088693545824,4.78328,27506.22,0.818619999758258,35.98604,13.324049675831777,1.5680378350133488,5.03627,4.78328,27506.22,0.818619999758258
USA,2017,5.17971,21606973981864,5.09297,27853.9,0.8205800006328698,36.31676,13.334593948974941,1.5719039294151531,5.17971,5.09297,27853.9,0.8205800006328698
USA,2018,5.2123100000000004,22247945960330,4.89502,28499.140000000003,0.8225600000935019,36.628525,13.347289920967638,1.5755171947504842,5.2123100000000004,4.89502,29141.75,0.8225600000935019
USA,2019,5.18887,22822794023500,4.95747,28499.140000000003,0.8245900001697378,36.92736,13.35836881075311,1.5789526139304555,5.18887,4.95747,31075.22,0.8245900001697378
USA,2020,5.10463,22329130338514,5.39998,28499.140000000003,0.8266400003163544,37.10731,13.348871808761587,1.5810082929498401,5.10463,5.39998,31856.29,0.8266400003163544
VNM,2011,0.255282,677014296785,3.78023,4546.09,0.5380474794531794,282.2595,11.830597839955026,2.452184484213781,0.16672,3.78023,4546.09,0.3108000000994706
VNM,2013,0.255282,753948515703,4.52834,4658.74,0.5380474794531794,288.97485,11.877341690552722,2.4623603324511296,0.16035,4.52834,4658.74,0.3242900011464772
